predicted_accuracy,predicted_accuracy_std
0.8215384615384616,1.1102230246251565e-16
